Waktu;Nilai CIF (US$)
January 2023;2698188
January 2023;54631173
January 2023;42104589
January 2023;110054343
January 2023;7252795
January 2023;1109497
January 2023;33886771
January 2023;139848698
January 2023;59318985
January 2023;552284217
January 2023;13955021
January 2023;184462629
January 2023;8249307
January 2023;263222
January 2023;24863636
January 2023;4484822
January 2023;311056285
January 2023;101148152
January 2023;47138411
January 2023;32151342
January 2023;101115604
January 2023;12769542
January 2023;414947529
January 2023;63644576
January 2023;102577688
January 2023;44447330
January 2023;3326570659
January 2023;233644626
January 2023;544044283
January 2023;99019003
January 2023;286002171
January 2023;127086238
January 2023;103129207
January 2023;48486961
January 2023;54565434
January 2023;8551621
January 2023;5049338
January 2023;274498978
January 2023;783171665
January 2023;217737439
January 2023;51031350
January 2023;46146693
January 2023;232005
January 2023;45487900
January 2023;476557
January 2023;16077
January 2023;131704778
January 2023;127463617
January 2023;13140466
January 2023;182101
January 2023;7627495
January 2023;121024791
January 2023;10754761
January 2023;172538590
January 2023;96496138
January 2023;57973273
January 2023;940284
January 2023;30297573
January 2023;56588900
January 2023;147328764
January 2023;9080272
January 2023;14221688
January 2023;12213217
January 2023;86011825
January 2023;3897444
January 2023;2665362
January 2023;4875849
January 2023;46878800
January 2023;62247135
January 2023;41945824
January 2023;193906516
January 2023;894089509
January 2023;378477143
January 2023;124886523
January 2023;8512229
January 2023;171270903
January 2023;6924462
January 2023;33355262
January 2023;1510721
January 2023;3288947
January 2023;70903302
January 2023;91173937
January 2023;2468598458
January 2023;2334415957
January 2023;23821045
January 2023;867201760
January 2023;71966664
January 2023;89499530
January 2023;260685788
January 2023;38360550
January 2023;15477228
January 2023;21879156
January 2023;103835772
January 2023;40514952
January 2023;60434683
January 2023;213225
January 2023;84141338
January 2023;76565
February 2023;30596184
February 2023;37734793
February 2023;43755807
February 2023;133614861
February 2023;6548670
February 2023;728256
February 2023;20182836
February 2023;62088386
February 2023;75230984
February 2023;449726565
February 2023;15653641
February 2023;129072176
February 2023;5474031
February 2023;81592
February 2023;20536509
February 2023;4936033
February 2023;240802335
February 2023;76255576
February 2023;41589954
February 2023;23615023
February 2023;79441506
February 2023;14205939
February 2023;313300881
February 2023;31001061
February 2023;83199557
February 2023;155506110
February 2023;2718893451
February 2023;176050143
February 2023;539361902
February 2023;86192008
February 2023;204058650
February 2023;104513988
February 2023;93866748
February 2023;47965542
February 2023;50226220
February 2023;7349699
February 2023;3242548
February 2023;262362926
February 2023;664184349
February 2023;195289317
February 2023;41138311
February 2023;30701653
February 2023;235475
February 2023;36881331
February 2023;377139
February 2023;21243
February 2023;124788330
February 2023;121798301
February 2023;14160560
February 2023;48357
February 2023;4786212
February 2023;85649671
February 2023;1725275
February 2023;100016821
February 2023;70078737
February 2023;42084707
February 2023;1231121
February 2023;18436467
February 2023;39337855
February 2023;80298338
February 2023;17978323
February 2023;19394874
February 2023;8533150
February 2023;55334043
February 2023;2984318
February 2023;669587
February 2023;4534409
February 2023;36695870
February 2023;47151557
February 2023;35300738
February 2023;182531551
February 2023;839602173
February 2023;366061318
February 2023;107971052
February 2023;5504855
February 2023;142827487
February 2023;5140193
February 2023;38412975
February 2023;1934590
February 2023;4118511
February 2023;53240391
February 2023;51427395
February 2023;2289172046
February 2023;1979017013
February 2023;41282090
February 2023;873702052
February 2023;15487433
February 2023;63668448
February 2023;274998093
February 2023;21191129
February 2023;9849886
February 2023;3380463
February 2023;103537107
February 2023;26961751
February 2023;35725341
February 2023;118996
February 2023;90800639
February 2023;693674
March 2023;46440528
March 2023;60908183
March 2023;45649712
March 2023;144031902
March 2023;12076028
March 2023;724082
March 2023;79933188
March 2023;129526727
March 2023;62165981
March 2023;362150010
March 2023;15061660
March 2023;252634066
March 2023;10266117
March 2023;217568
March 2023;24013047
March 2023;5248526
March 2023;378117043
March 2023;81018686
March 2023;57056788
March 2023;32730836
March 2023;97265463
March 2023;19220978
March 2023;325664726
March 2023;74542783
March 2023;119019219
March 2023;163322773
March 2023;3476290215
March 2023;231031749
March 2023;667005332
March 2023;107280381
March 2023;207583039
March 2023;133603971
March 2023;115816698
March 2023;61270746
March 2023;63060364
March 2023;16925412
March 2023;6732958
March 2023;310260902
March 2023;877040778
March 2023;216530347
March 2023;50688367
March 2023;47142803
March 2023;572012
March 2023;46511533
March 2023;527668
March 2023;25348
March 2023;161994613
March 2023;170113504
March 2023;19952445
March 2023;92496
March 2023;7353214
March 2023;134781682
March 2023;3825874
March 2023;166560070
March 2023;111920172
March 2023;66086377
March 2023;919582
March 2023;29195212
March 2023;57778696
March 2023;153570840
March 2023;35103835
March 2023;31594954
March 2023;14946331
March 2023;99880205
March 2023;4440033
March 2023;2112674
March 2023;6569160
March 2023;65776855
March 2023;62589655
March 2023;40871633
March 2023;221509853
March 2023;1221802733
March 2023;480574014
March 2023;143240330
March 2023;6517070
March 2023;188119222
March 2023;5944139
March 2023;44878078
March 2023;2410563
March 2023;5465311
March 2023;60814422
March 2023;83202058
March 2023;2647340579
March 2023;2561908653
March 2023;92559579
March 2023;1012090684
March 2023;289658599
March 2023;86593631
March 2023;331271383
March 2023;31538525
March 2023;13159641
March 2023;3433534
March 2023;139398656
March 2023;42190029
March 2023;70984170
March 2023;284477
March 2023;115821584
March 2023;2404042
April 2023;38636445
April 2023;96214950
April 2023;36294789
April 2023;131517410
April 2023;10558609
April 2023;666689
April 2023;79076098
April 2023;122218817
April 2023;43251112
April 2023;313993228
April 2023;12238075
April 2023;203937372
April 2023;5280280
April 2023;170814
April 2023;19281528
April 2023;5266865
April 2023;238248100
April 2023;66023001
April 2023;40827090
April 2023;23131990
April 2023;71774914
April 2023;10705130
April 2023;398866610
April 2023;65424269
April 2023;102618858
April 2023;81687616
April 2023;3339108461
April 2023;137880929
April 2023;486012480
April 2023;77466691
April 2023;178453536
April 2023;81832844
April 2023;86372667
April 2023;44175157
April 2023;46503464
April 2023;9522152
April 2023;3755005
April 2023;231539906
April 2023;568857568
April 2023;163941980
April 2023;31158414
April 2023;35726583
April 2023;582693
April 2023;44400648
April 2023;537745
April 2023;51902
April 2023;121904840
April 2023;118211265
April 2023;13505878
April 2023;15728
April 2023;4492390
April 2023;79429152
April 2023;1837015
April 2023;110691606
April 2023;76509024
April 2023;38800062
April 2023;536146
April 2023;15112133
April 2023;35299741
April 2023;96181953
April 2023;21312746
April 2023;19451390
April 2023;10959413
April 2023;53809411
April 2023;3258931
April 2023;1597469
April 2023;5068306
April 2023;42146418
April 2023;45279531
April 2023;32145512
April 2023;152260385
April 2023;776571537
April 2023;339290379
April 2023;89239685
April 2023;5706764
April 2023;134320226
April 2023;3032263
April 2023;28220743
April 2023;1250569
April 2023;4851077
April 2023;38233140
April 2023;58247347
April 2023;2026606638
April 2023;1741833738
April 2023;17345905
April 2023;637360786
April 2023;18896913
April 2023;23044853
April 2023;225384621
April 2023;23725967
April 2023;8527697
April 2023;7042210
April 2023;108262358
April 2023;27515569
April 2023;41369911
April 2023;99504
April 2023;60154870
April 2023;15867109
May 2023;42378945
May 2023;79347009
May 2023;51806512
May 2023;151500355
May 2023;14728348
May 2023;1041274
May 2023;87621538
May 2023;118093230
May 2023;64053772
May 2023;496403118
May 2023;19694361
May 2023;254860728
May 2023;6629767
May 2023;608215
May 2023;29165012
May 2023;5017047
May 2023;238206376
May 2023;105308410
May 2023;51153238
May 2023;33601842
May 2023;99601471
May 2023;15245528
May 2023;362383486
May 2023;87156770
May 2023;170322875
May 2023;184150937
May 2023;3551052034
May 2023;210786985
May 2023;603337185
May 2023;143970235
May 2023;167307502
May 2023;136593285
May 2023;134548746
May 2023;73943684
May 2023;62279684
May 2023;10006196
May 2023;6990473
May 2023;311723126
May 2023;929152180
May 2023;212326820
May 2023;59058923
May 2023;52548800
May 2023;1007156
May 2023;61985277
May 2023;656306
May 2023;73801
May 2023;176709986
May 2023;157352631
May 2023;21079062
May 2023;263381
May 2023;9802346
May 2023;169955479
May 2023;4302908
May 2023;192607636
May 2023;131793818
May 2023;59115139
May 2023;849842
May 2023;29333808
May 2023;58600991
May 2023;164894605
May 2023;23394388
May 2023;23585287
May 2023;14562363
May 2023;92718001
May 2023;3985453
May 2023;2552776
May 2023;5536548
May 2023;75546027
May 2023;62867941
May 2023;44608561
May 2023;350596749
May 2023;1169398146
May 2023;421721048
May 2023;137660605
May 2023;7156962
May 2023;204873669
May 2023;5989633
May 2023;35724686
May 2023;1907519
May 2023;18278229
May 2023;62943196
May 2023;98915931
May 2023;3090316849
May 2023;2417790739
May 2023;121596750
May 2023;1126624566
May 2023;32909407
May 2023;76147132
May 2023;376774656
May 2023;29610852
May 2023;14644920
May 2023;14790867
May 2023;166885780
May 2023;43019044
May 2023;73618788
May 2023;164639
May 2023;92303467
May 2023;61782334
June 2023;44467400
June 2023;61270416
June 2023;36012058
June 2023;126588557
June 2023;12910805
June 2023;735069
June 2023;65115901
June 2023;93385302
June 2023;47814078
June 2023;412436234
June 2023;12467559
June 2023;148478509
June 2023;8173124
June 2023;555643
June 2023;18121630
June 2023;7296290
June 2023;266103084
June 2023;86335882
June 2023;41822370
June 2023;23958712
June 2023;81454749
June 2023;11654820
June 2023;451736141
June 2023;61412451
June 2023;109199971
June 2023;147396670
June 2023;2537629812
June 2023;207803071
June 2023;469395832
June 2023;119215032
June 2023;119678441
June 2023;108387872
June 2023;112487320
June 2023;52842993
June 2023;53223000
June 2023;17385941
June 2023;6281108
June 2023;256268425
June 2023;742360115
June 2023;173372508
June 2023;47236434
June 2023;41139273
June 2023;511390
June 2023;39245515
June 2023;479964
June 2023;97553
June 2023;141657505
June 2023;126701637
June 2023;15505379
June 2023;20466
June 2023;8087556
June 2023;135444021
June 2023;3202438
June 2023;155023840
June 2023;83611283
June 2023;48490784
June 2023;763034
June 2023;21937566
June 2023;42109926
June 2023;140755343
June 2023;18545621
June 2023;19576490
June 2023;13418587
June 2023;71620285
June 2023;2970688
June 2023;2465886
June 2023;4021322
June 2023;43670632
June 2023;52653715
June 2023;36581633
June 2023;265982265
June 2023;981867273
June 2023;386726508
June 2023;124505904
June 2023;6934552
June 2023;169629794
June 2023;4862328
June 2023;31288264
June 2023;6734759
June 2023;7347911
June 2023;46008019
June 2023;72324069
June 2023;2581096614
June 2023;1971966815
June 2023;9647207
June 2023;823691515
June 2023;116791312
June 2023;72054147
June 2023;269173351
June 2023;21887156
June 2023;9340765
June 2023;22667068
June 2023;143834602
June 2023;34521989
June 2023;57147707
June 2023;316066
June 2023;91003572
June 2023;150358848
July 2023;32484481
July 2023;115125673
July 2023;40643632
July 2023;123191572
July 2023;7193737
July 2023;1021945
July 2023;121477497
July 2023;112716356
July 2023;43832993
July 2023;493522826
July 2023;14281711
July 2023;149124763
July 2023;7488666
July 2023;470845
July 2023;26270680
July 2023;5129605
July 2023;270688773
July 2023;79652354
July 2023;47754100
July 2023;32264960
July 2023;96552724
July 2023;14799785
July 2023;325673979
July 2023;89356970
July 2023;94487585
July 2023;177861722
July 2023;3456056893
July 2023;227540014
July 2023;499496545
July 2023;130195552
July 2023;173781273
July 2023;125326104
July 2023;134988982
July 2023;61683934
July 2023;53548515
July 2023;3885361
July 2023;6167207
July 2023;291843498
July 2023;826188929
July 2023;204114742
July 2023;51899716
July 2023;51106604
July 2023;1615628
July 2023;50573773
July 2023;729027
July 2023;163231
July 2023;139781040
July 2023;141205738
July 2023;20004233
July 2023;1357273
July 2023;6436300
July 2023;120410010
July 2023;3768115
July 2023;162177947
July 2023;108033352
July 2023;48783951
July 2023;838156
July 2023;23493999
July 2023;47279240
July 2023;127301662
July 2023;23625788
July 2023;23103292
July 2023;13143019
July 2023;73199356
July 2023;4838436
July 2023;2416856
July 2023;5116836
July 2023;64118464
July 2023;71402604
July 2023;49692605
July 2023;257640569
July 2023;887952627
July 2023;314752475
July 2023;130572999
July 2023;8241564
July 2023;181792223
July 2023;5032545
July 2023;28614647
July 2023;1389056
July 2023;5972650
July 2023;52220202
July 2023;80238810
July 2023;2916293523
July 2023;2313632474
July 2023;22539111
July 2023;932843028
July 2023;129545149
July 2023;317705369
July 2023;332041821
July 2023;28602855
July 2023;13111113
July 2023;29197098
July 2023;168497604
July 2023;41467344
July 2023;66189438
July 2023;322085
July 2023;83053707
July 2023;65375313
August 2023;34820410
August 2023;121225875
August 2023;38784408
August 2023;135785340
August 2023;8293198
August 2023;980679
August 2023;105137572
August 2023;116077881
August 2023;25438825
August 2023;568776402
August 2023;15920547
August 2023;124347127
August 2023;8455124
August 2023;341322
August 2023;18841850
August 2023;6944955
August 2023;275086305
August 2023;88283780
August 2023;41966602
August 2023;30077614
August 2023;97276420
August 2023;13521476
August 2023;464382739
August 2023;98666171
August 2023;76842350
August 2023;143398694
August 2023;2963172183
August 2023;199513421
August 2023;502737969
August 2023;123718686
August 2023;122550470
August 2023;115477738
August 2023;133209242
August 2023;59913815
August 2023;58777968
August 2023;8313599
August 2023;5400120
August 2023;289428537
August 2023;819014675
August 2023;261840665
August 2023;45714311
August 2023;48705538
August 2023;1358036
August 2023;40500407
August 2023;536831
August 2023;59965
August 2023;114663225
August 2023;126833731
August 2023;30149694
August 2023;178393
August 2023;5056708
August 2023;141183634
August 2023;4860953
August 2023;141269415
August 2023;81011092
August 2023;55466133
August 2023;1222176
August 2023;24177448
August 2023;54025225
August 2023;112963747
August 2023;27554086
August 2023;22717393
August 2023;15885311
August 2023;82804717
August 2023;3886975
August 2023;2192435
August 2023;4718639
August 2023;58166156
August 2023;54483779
August 2023;44320495
August 2023;296927012
August 2023;924617664
August 2023;355891162
August 2023;136152924
August 2023;8731753
August 2023;171691516
August 2023;6241280
August 2023;27221783
August 2023;1477483
August 2023;4997157
August 2023;53362280
August 2023;71003554
August 2023;2962259209
August 2023;2237921286
August 2023;23503390
August 2023;922219495
August 2023;132756566
August 2023;119740691
August 2023;321533149
August 2023;25528368
August 2023;11789879
August 2023;13893360
August 2023;147569934
August 2023;45060716
August 2023;63581178
August 2023;11244792
August 2023;99498283
August 2023;14001145
September 2023;24268090
September 2023;102658681
September 2023;34221240
September 2023;102458606
September 2023;7696306
September 2023;1019312
September 2023;101948088
September 2023;142903676
September 2023;23752537
September 2023;422641771
September 2023;16380823
September 2023;154346555
September 2023;6870486
September 2023;156600
September 2023;17348952
September 2023;4350029
September 2023;176754676
September 2023;72498827
September 2023;35657286
September 2023;27093810
September 2023;74252580
September 2023;11931379
September 2023;283174717
September 2023;72257661
September 2023;110090523
September 2023;117800676
September 2023;3565674846
September 2023;173473948
September 2023;483228244
September 2023;92460795
September 2023;90179216
September 2023;110107052
September 2023;124815533
September 2023;53831739
September 2023;43138767
September 2023;10681782
September 2023;5938707
September 2023;269998273
September 2023;761626368
September 2023;233591439
September 2023;41245467
September 2023;37874508
September 2023;650439
September 2023;41744493
September 2023;415736
September 2023;159439
September 2023;97512099
September 2023;127179626
September 2023;13494327
September 2023;195959
September 2023;3956959
September 2023;128003584
September 2023;14489672
September 2023;129494044
September 2023;100057658
September 2023;48275905
September 2023;419599
September 2023;26591772
September 2023;50347298
September 2023;120816164
September 2023;23971099
September 2023;22088815
September 2023;12488206
September 2023;81646917
September 2023;4301726
September 2023;2701424
September 2023;4257542
September 2023;41998231
September 2023;59266327
September 2023;36789957
September 2023;203557968
September 2023;896435620
September 2023;297007750
September 2023;104278739
September 2023;8074708
September 2023;151743430
September 2023;6045110
September 2023;31099959
September 2023;4327173
September 2023;7006290
September 2023;45461209
September 2023;69196347
September 2023;2610079138
September 2023;1836224886
September 2023;22285474
September 2023;777336884
September 2023;63223378
September 2023;57919303
September 2023;321382289
September 2023;24552447
September 2023;13128606
September 2023;15410043
September 2023;149954902
September 2023;35636986
September 2023;58906631
September 2023;230443
September 2023;81905665
September 2023;13481805
October 2023;25831747
October 2023;100250079
October 2023;38513721
October 2023;97567270
October 2023;6405401
October 2023;1236437
October 2023;62330768
October 2023;117684445
October 2023;24817018
October 2023;522047851
October 2023;17081603
October 2023;112466539
October 2023;5647395
October 2023;422708
October 2023;27025511
October 2023;5083095
October 2023;258838065
October 2023;84537877
October 2023;47768706
October 2023;34339473
October 2023;81311005
October 2023;10468486
October 2023;275797472
October 2023;96155153
October 2023;101120867
October 2023;94195116
October 2023;3523420163
October 2023;231034051
October 2023;524178185
October 2023;93940659
October 2023;113799989
October 2023;117081820
October 2023;122120746
October 2023;57811890
October 2023;47696340
October 2023;15874521
October 2023;5725494
October 2023;275044808
October 2023;858085530
October 2023;251460750
October 2023;49036090
October 2023;47762995
October 2023;88048
October 2023;39459082
October 2023;697330
October 2023;72795
October 2023;116626699
October 2023;132862132
October 2023;16382120
October 2023;69594
October 2023;4961897
October 2023;146627598
October 2023;16060249
October 2023;148271106
October 2023;104333957
October 2023;47069746
October 2023;912780
October 2023;24449264
October 2023;49066313
October 2023;122940119
October 2023;20988741
October 2023;22132298
October 2023;14602012
October 2023;87899364
October 2023;4117757
October 2023;2683871
October 2023;4942469
October 2023;49191860
October 2023;50771027
October 2023;44289762
October 2023;299471972
October 2023;848965318
October 2023;329387152
October 2023;123530490
October 2023;6926800
October 2023;160648237
October 2023;5030485
October 2023;30360737
October 2023;4065049
October 2023;7522418
October 2023;52960316
October 2023;73226511
October 2023;2902266126
October 2023;2222985790
October 2023;17925366
October 2023;774732452
October 2023;48940876
October 2023;105506432
October 2023;331723489
October 2023;27743409
October 2023;11428472
October 2023;63844746
October 2023;170019541
October 2023;38580813
October 2023;62448921
October 2023;3225947
October 2023;77862854
October 2023;15991581
November 2023;5860346
November 2023;23047395
November 2023;21121354
November 2023;122894067
November 2023;6157318
November 2023;1082832
November 2023;29054038
November 2023;118778021
November 2023;69306391
November 2023;672567698
November 2023;20839921
November 2023;195349945
November 2023;7828916
November 2023;502611
November 2023;27963010
November 2023;4576244
November 2023;304917684
November 2023;73236770
November 2023;35678036
November 2023;28262899
November 2023;97108562
November 2023;12709731
November 2023;346520299
November 2023;104624910
November 2023;75291773
November 2023;201006258
November 2023;3038280244
November 2023;204280883
November 2023;593683678
November 2023;102349850
November 2023;131052728
November 2023;128847457
November 2023;110882721
November 2023;55827278
November 2023;51172900
November 2023;689086
November 2023;5171141
November 2023;290424480
November 2023;902499960
November 2023;249045208
November 2023;54454713
November 2023;54156902
November 2023;106733
November 2023;33225684
November 2023;490526
November 2023;75814
November 2023;71935274
November 2023;114217279
November 2023;15787864
November 2023;679705
November 2023;5360040
November 2023;147544068
November 2023;22522176
November 2023;167802989
November 2023;102989997
November 2023;61783587
November 2023;323636
November 2023;27908292
November 2023;64178316
November 2023;137715707
November 2023;12264246
November 2023;14742305
November 2023;19029702
November 2023;84913925
November 2023;4417046
November 2023;3003477
November 2023;3994839
November 2023;43913775
November 2023;75988056
November 2023;59135477
November 2023;221011488
November 2023;921462503
November 2023;354259701
November 2023;116489567
November 2023;7399485
November 2023;173269378
November 2023;5039028
November 2023;33174303
November 2023;2454101
November 2023;4894133
November 2023;54124367
November 2023;84299326
November 2023;2864269692
November 2023;2306694043
November 2023;26319549
November 2023;654545958
November 2023;106799358
November 2023;32810279
November 2023;243820486
November 2023;31598589
November 2023;12717586
November 2023;8693031
November 2023;173351745
November 2023;47193613
November 2023;59939841
November 2023;1039478
November 2023;38008818
November 2023;33694149
December 2023;48842719
December 2023;97844649
December 2023;34790922
December 2023;101009224
December 2023;6064091
December 2023;972388
December 2023;137506547
December 2023;160068156
December 2023;36902800
December 2023;769644924
December 2023;17967525
December 2023;143784051
December 2023;7801231
December 2023;292168
December 2023;22137835
December 2023;5532016
December 2023;379699893
December 2023;67177026
December 2023;40465902
December 2023;27032413
December 2023;86113513
December 2023;20856820
December 2023;332296562
December 2023;100187464
December 2023;122421033
December 2023;248834577
December 2023;3897292720
December 2023;185806088
December 2023;546341157
December 2023;94671338
December 2023;160902067
December 2023;104804493
December 2023;100257291
December 2023;52088147
December 2023;45834203
December 2023;15518524
December 2023;6250803
December 2023;272697578
December 2023;745975217
December 2023;239024553
December 2023;42261444
December 2023;46809848
December 2023;53056
December 2023;38694928
December 2023;404450
December 2023;36118
December 2023;81681634
December 2023;140783653
December 2023;13875691
December 2023;41708
December 2023;5075254
December 2023;135491875
December 2023;20048141
December 2023;133608857
December 2023;101805701
December 2023;49004844
December 2023;272235
December 2023;26122727
December 2023;50596167
December 2023;119470226
December 2023;27030865
December 2023;28019214
December 2023;13722650
December 2023;99020575
December 2023;3995603
December 2023;2545775
December 2023;4510017
December 2023;52711238
December 2023;67000623
December 2023;41426512
December 2023;234017230
December 2023;952142948
December 2023;307232828
December 2023;113436931
December 2023;9716397
December 2023;156202276
December 2023;6075849
December 2023;28652343
December 2023;6034124
December 2023;6117089
December 2023;45066818
December 2023;75883036
December 2023;2740459544
December 2023;1956308468
December 2023;18761334
December 2023;649537366
December 2023;21439770
December 2023;90829615
December 2023;357590618
December 2023;26330164
December 2023;10729879
December 2023;17574120
December 2023;161495592
December 2023;34250826
December 2023;56056500
December 2023;328399
December 2023;69710565
December 2023;125326570
January 2024;5860346
January 2024;23047395
January 2024;21121354
January 2024;122894067
January 2024;6157318
January 2024;1082832
January 2024;29054038
January 2024;118778021
January 2024;69306391
January 2024;672567698
January 2024;20839921
January 2024;195349945
January 2024;7828916
January 2024;502611
January 2024;27963010
January 2024;4576244
January 2024;304917684
January 2024;73236770
January 2024;35678036
January 2024;28262899
January 2024;97108562
January 2024;12709731
January 2024;346520299
January 2024;104624910
January 2024;75291773
January 2024;201006258
January 2024;3038280244
January 2024;204280883
January 2024;593683678
January 2024;102349850
January 2024;131052728
January 2024;128847457
January 2024;110882721
January 2024;55827278
January 2024;51172900
January 2024;689086
January 2024;5171141
January 2024;290424480
January 2024;902499960
January 2024;249045208
January 2024;54454713
January 2024;54156902
January 2024;106733
January 2024;33225684
January 2024;490526
January 2024;75814
January 2024;71935274
January 2024;114217279
January 2024;15787864
January 2024;679705
January 2024;5360040
January 2024;147544068
January 2024;22522176
January 2024;167802989
January 2024;102989997
January 2024;61783587
January 2024;323636
January 2024;27908292
January 2024;64178316
January 2024;137715707
January 2024;12264246
January 2024;14742305
January 2024;19029702
January 2024;84913925
January 2024;4417046
January 2024;3003477
January 2024;3994839
January 2024;43913775
January 2024;75988056
January 2024;59135477
January 2024;221011488
January 2024;921462503
January 2024;354259701
January 2024;116489567
January 2024;7399485
January 2024;173269378
January 2024;5039028
January 2024;33174303
January 2024;2454101
January 2024;4894133
January 2024;54124367
January 2024;84299326
January 2024;2864269692
January 2024;2306694043
January 2024;26319549
January 2024;654545958
January 2024;106799358
January 2024;32810279
January 2024;243820486
January 2024;31598589
January 2024;12717586
January 2024;8693031
January 2024;173351745
January 2024;47193613
January 2024;59939841
January 2024;1039478
January 2024;38008818
January 2024;33694149
February 2024;11035964
February 2024;5372500
February 2024;17740774
February 2024;87650562
February 2024;7811856
February 2024;1108250
February 2024;30449813
February 2024;89414279
February 2024;56924671
February 2024;701530238
February 2024;53556001
February 2024;159931552
February 2024;7665833
February 2024;221112
February 2024;17816112
February 2024;3525566
February 2024;295763071
February 2024;61336245
February 2024;34217887
February 2024;23821887
February 2024;97224541
February 2024;13160780
February 2024;345355958
February 2024;128693328
February 2024;85162296
February 2024;152904956
February 2024;3377104621
February 2024;226341063
February 2024;591892936
February 2024;93472183
February 2024;150777203
February 2024;113128336
February 2024;125865552
February 2024;56908431
February 2024;46311683
February 2024;12086031
February 2024;4438744
February 2024;281718885
February 2024;957067753
February 2024;221423795
February 2024;42299990
February 2024;53284565
February 2024;226535
February 2024;37680605
February 2024;962281
February 2024;61334
February 2024;112414008
February 2024;127890605
February 2024;13462783
February 2024;169223
February 2024;3487204
February 2024;115694731
February 2024;7616349
February 2024;150323824
February 2024;98274130
February 2024;47809903
February 2024;341148
February 2024;23669868
February 2024;51499467
February 2024;110031938
February 2024;20867614
February 2024;22417311
February 2024;19275173
February 2024;103791812
February 2024;4235089
February 2024;2034021
February 2024;3609383
February 2024;44122881
February 2024;68687286
February 2024;42273252
February 2024;171815859
February 2024;821382808
February 2024;380252165
February 2024;115029578
February 2024;4931980
February 2024;154566491
February 2024;6259606
February 2024;30698235
February 2024;3481957
February 2024;7215532
February 2024;45972860
February 2024;67113571
February 2024;2752257781
February 2024;2248709445
February 2024;24035263
February 2024;742002456
February 2024;13408619
February 2024;85812100
February 2024;281291708
February 2024;28011188
February 2024;12615663
February 2024;47472029
February 2024;161845092
February 2024;42161632
February 2024;54203176
February 2024;301844
February 2024;30543861
February 2024;30377318
March 2024;65801279
March 2024;33242865
March 2024;26828246
March 2024;119753533
March 2024;6225694
March 2024;1051783
March 2024;90252984
March 2024;194843603
March 2024;52953813
March 2024;883715004
March 2024;56846199
March 2024;188090907
March 2024;6632901
March 2024;151748
March 2024;32833975
March 2024;5157183
March 2024;286195257
March 2024;58058697
March 2024;37587672
March 2024;24359259
March 2024;87750657
March 2024;12771270
March 2024;336227629
March 2024;76050658
March 2024;79886476
March 2024;185263455
March 2024;3657604298
March 2024;188416095
March 2024;558786398
March 2024;99810078
March 2024;173503881
March 2024;127480438
March 2024;99656184
March 2024;58260788
March 2024;45628647
March 2024;10124697
March 2024;5682027
March 2024;238639049
March 2024;691524412
March 2024;186226664
March 2024;45239940
March 2024;20474946
March 2024;438756
March 2024;35702590
March 2024;493392
March 2024;53118
March 2024;144253407
March 2024;133903756
March 2024;17244503
March 2024;165111
March 2024;5676445
March 2024;121887269
March 2024;3139563
March 2024;109717016
March 2024;77068590
March 2024;48908903
March 2024;368243
March 2024;24188782
March 2024;51840164
March 2024;108416568
March 2024;23981169
March 2024;24912429
March 2024;6209689
March 2024;52801000
March 2024;3264203
March 2024;786467
March 2024;3578430
March 2024;34864985
March 2024;40056649
March 2024;34547796
March 2024;172971012
March 2024;860466261
March 2024;237007838
March 2024;136165890
March 2024;5917029
March 2024;145280246
March 2024;4729928
March 2024;33232070
March 2024;1553584
March 2024;7257807
March 2024;41311524
March 2024;58995647
March 2024;2279341663
March 2024;2278097144
March 2024;17237205
March 2024;595722216
March 2024;19510888
March 2024;122067935
March 2024;377809546
March 2024;27135608
March 2024;8813791
March 2024;11178496
March 2024;111746392
March 2024;31724987
March 2024;44390143
March 2024;193629
March 2024;36229496
March 2024;30927725
April 2024;58152410
April 2024;67280412
April 2024;27717652
April 2024;109292526
April 2024;9240966
April 2024;733669
April 2024;65963114
April 2024;128178588
April 2024;37366480
April 2024;643047279
April 2024;34993027
April 2024;142910741
April 2024;5334047
April 2024;281819
April 2024;15862403
April 2024;4277704
April 2024;425438720
April 2024;98189820
April 2024;30418878
April 2024;23918402
April 2024;75185536
April 2024;7831336
April 2024;193035108
April 2024;85181802
April 2024;115195357
April 2024;214703430
April 2024;3348924231
April 2024;176422476
April 2024;577894434
April 2024;73930384
April 2024;151464220
April 2024;105970709
April 2024;74720863
April 2024;46253398
April 2024;42930719
April 2024;9822443
April 2024;4468969
April 2024;250166472
April 2024;646001670
April 2024;171402052
April 2024;54295332
April 2024;4578370
April 2024;585414
April 2024;44604977
April 2024;612041
April 2024;29754
April 2024;114563262
April 2024;115947598
April 2024;19206102
April 2024;104981
April 2024;5902920
April 2024;98510766
April 2024;3264651
April 2024;133156621
April 2024;73860245
April 2024;48268506
April 2024;385890
April 2024;24526971
April 2024;54176869
April 2024;147505731
April 2024;22860420
April 2024;19382864
April 2024;4368080
April 2024;52116615
April 2024;2862791
April 2024;1183417
April 2024;2608027
April 2024;39132704
April 2024;45324004
April 2024;38395626
April 2024;247710285
April 2024;735013847
April 2024;300483849
April 2024;103329952
April 2024;10081220
April 2024;147184984
April 2024;4076512
April 2024;24726613
April 2024;1225704
April 2024;7678169
April 2024;43158222
April 2024;67393756
April 2024;2221624841
April 2024;2140423222
April 2024;14097311
April 2024;638995069
April 2024;14242485
April 2024;93217959
April 2024;282296140
April 2024;31183123
April 2024;10657106
April 2024;3133314
April 2024;108379971
April 2024;30245163
April 2024;48580250
April 2024;273585
April 2024;37462029
April 2024;56297799
